{
    "Nigeria": 11451181.285714285,
    "New Zealand": 12600000.0,
    "United States": 10563478.081005586,
    "Canada": 10566023.090909092,
    "Puerto Rico": 2270597.0,
    "China": 8780488.0,
    "Greece": 48787676.0,
    "England": 36637932.0,
    "Israel": 15625000.0,
    "Bahamas": 11666990.5,
    "Italy": 6420421.25,
    "France": 8098297.571428572,
    "Georgia": 5610288.5,
    "Serbia": 14062945.833333334,
    "Bosnia and Herzegovina": 10469163.8,
    "Croatia": 9306553.25,
    "Turkey": 3290903.5,
    "Saint Lucia": 10810000.0,
    "Lithuania": 18531840.0,
    "Belgium": 1235217.0,
    "Slovenia": 22728671.5,
    "Switzerland": 15030266.666666666,
    "Cameroon": 19588538.4,
    "Philippines": 14092577.0,
    "U.S. Virgin Islands": 27556817.0,
    "Australia": 9965605.42857143,
    "Mali": 578577.0,
    "Dominican Republic": 13151344.4,
    "Netherlands": 578577.0,
    "Angola": 2425403.0,
    "Montenegro": 11212701.5,
    "Senegal": 1891857.0,
    "Japan": 8789288.5,
    "Germany": 10277300.6,
    "Togo": 578577.0,
    "Sweden": 1157153.0,
    "Czech Republic": 2162606.0,
    "Democratic Republic of the Congo": 4107442.0,
    "Ukraine": 3303771.0,
    "Finland": 42176400.0,
    "Haiti": 7245720.0,
    "Austria": 19500000.0,
    "Latvia": 29268293.0,
    "Portugal": 2162606.0,
    "Jamaica": 5000000.0,
    "Spain": 12569040.0,
    "Poland": 5570040.0,
    "Cape Verde": 578577.0
}